id,first_name,last_name,email,gender,ip_address
1,Guillermo,Poxton,gpoxton0@weather.com,Male,242.196.70.228
2,Asia,Harcarse,aharcarse1@google.co.jp,Female,77.31.70.207
3,Hart,Avramov,havramov2@joomla.org,Male,203.19.134.203
4,Elyssa,McDermott-Row,emcdermottrow3@dropbox.com,Female,198.244.167.9
5,Harlin,Eynaud,heynaud4@wordpress.com,Male,158.125.225.246
6,Hurleigh,Lundbech,hlundbech5@youtu.be,Male,139.10.191.94
7,Kynthia,Chatwin,kchatwin6@indiatimes.com,Female,104.142.215.238
8,Scarlet,Skipperbottom,sskipperbottom7@utexas.edu,Female,22.149.203.29
9,Corinne,Boyack,cboyack8@ibm.com,Female,36.243.59.17
10,Ursola,Constantinou,uconstantinou9@prlog.org,Female,55.253.142.1
11,Lin,Lutz,llutza@blogtalkradio.com,Female,186.212.133.240
12,Filmer,Duffett,fduffettb@china.com.cn,Male,175.126.25.70
13,Megen,Howson,mhowsonc@apache.org,Female,105.187.112.15
14,Melantha,Kennsley,mkennsleyd@tumblr.com,Female,116.69.158.74
15,Jecho,Wolstenholme,jwolstenholmee@sohu.com,Agender,150.160.124.109
16,Clovis,Usherwood,cusherwoodf@google.nl,Female,46.22.115.218
17,Adelle,Laugier,alaugierg@businessweek.com,Female,83.44.112.242
18,Kaila,Kirkbright,kkirkbrighth@sciencedirect.com,Female,148.165.117.81
19,Alfie,Prigg,apriggi@google.es,Male,237.6.45.25
20,Danita,Padillo,dpadilloj@dedecms.com,Female,41.59.226.118
21,Gregoor,Fludgate,gfludgatek@reuters.com,Male,33.25.74.229
22,Gretel,Flecknell,gflecknelll@reference.com,Female,125.149.100.22
23,Akim,Crayk,acraykm@oakley.com,Male,158.189.232.69
24,Parry,Maseyk,pmaseykn@yahoo.co.jp,Male,8.27.193.244
25,Greggory,Glasper,gglaspero@yelp.com,Male,196.148.14.1
26,Brantley,Selwin,bselwinp@amazon.com,Bigender,113.221.211.238
27,Ambrose,Schettini,aschettiniq@opera.com,Male,17.221.8.59
28,Essa,Bartusek,ebartusekr@nhs.uk,Female,174.189.75.229
29,Rodrigo,Chamberlain,rchamberlains@imageshack.us,Genderfluid,134.16.186.15
30,Kipper,Pell,kpellt@princeton.edu,Male,23.225.154.5
31,Archy,Evitt,aevittu@yellowbook.com,Male,164.165.113.24
32,Maryann,Mayze,mmayzev@photobucket.com,Non-binary,240.102.231.17
33,Karita,Barstock,kbarstockw@sohu.com,Female,243.19.107.51
34,Hew,Ledwich,hledwichx@cdbaby.com,Male,4.199.32.215
35,Travers,Uc,tucy@amazonaws.com,Male,222.37.177.109
36,Erina,Dell 'Orto,edellortoz@hud.gov,Female,235.113.243.170
37,Noni,Gammage,ngammage10@xing.com,Female,88.186.30.220
38,Abbie,Serraillier,aserraillier11@answers.com,Male,154.197.86.229
39,Ringo,Gasnoll,rgasnoll12@weather.com,Male,239.85.72.197
40,Kellby,Botwood,kbotwood13@purevolume.com,Male,151.62.178.173
41,Chrotoem,Eaglestone,ceaglestone14@illinois.edu,Male,179.218.7.239
42,Selma,Calafato,scalafato15@adobe.com,Female,99.184.144.86
43,Ferrell,Wykey,fwykey16@wired.com,Male,52.177.26.32
44,Suzie,Turford,sturford17@tripadvisor.com,Female,210.175.32.32
45,Martita,Belchambers,mbelchambers18@tmall.com,Female,55.243.14.152
46,Daren,Phelips,dphelips19@bbc.co.uk,Male,85.27.52.142
47,Tori,Ludewig,tludewig1a@prweb.com,Female,197.168.113.215
48,Alia,Darnody,adarnody1b@phpbb.com,Female,37.29.210.66
49,Kary,Tousey,ktousey1c@macromedia.com,Non-binary,22.26.152.225
50,Byrle,Matisoff,bmatisoff1d@ft.com,Male,229.115.18.105
51,Ara,Poel,apoel1e@census.gov,Female,82.89.16.78
52,Casar,Eyrl,ceyrl1f@blog.com,Polygender,153.34.111.194
53,Francklyn,Middis,fmiddis1g@businessweek.com,Male,196.141.127.234
54,Jessalyn,Basilotta,jbasilotta1h@amazon.com,Female,128.40.219.238
55,Hill,Teare,hteare1i@lulu.com,Male,100.222.24.215
56,Thaine,Cuss,tcuss1j@hud.gov,Polygender,40.241.35.230
57,Kerstin,Eagell,keagell1k@cnn.com,Female,78.126.231.121
58,Devina,Clementucci,dclementucci1l@house.gov,Female,2.106.58.77
59,Daisey,Shapera,dshapera1m@smh.com.au,Agender,172.124.199.230
60,Shalom,Kirkhouse,skirkhouse1n@deliciousdays.com,Male,80.12.139.83
61,Philipa,Gowrich,pgowrich1o@go.com,Female,82.47.59.138
62,Guido,Giottini,ggiottini1p@nydailynews.com,Male,163.161.6.167
63,Suzy,Ronchka,sronchka1q@cornell.edu,Female,137.104.97.91
64,Fiann,Heckle,fheckle1r@godaddy.com,Female,188.13.208.96
65,Monroe,Kellert,mkellert1s@usgs.gov,Male,87.176.3.41
66,Ondrea,Epps,oepps1t@usnews.com,Female,211.139.232.187
67,Gherardo,Fullard,gfullard1u@xinhuanet.com,Male,22.206.243.150
68,Shelton,Huffadine,shuffadine1v@aol.com,Male,110.132.185.239
69,Derward,Kettel,dkettel1w@economist.com,Male,27.87.145.160
70,Honor,Vizard,hvizard1x@blinklist.com,Female,193.158.244.208
71,Ethe,MacKniely,emackniely1y@de.vu,Male,36.67.79.84
72,Con,Geroldini,cgeroldini1z@ted.com,Male,42.129.63.220
73,Desi,Jean,djean20@admin.ch,Male,42.68.98.57
74,Jordain,Blore,jblore21@auda.org.au,Female,233.244.248.247
75,Bond,Franchyonok,bfranchyonok22@uiuc.edu,Male,30.52.150.34
76,Humfrey,Wendover,hwendover23@hao123.com,Male,63.219.68.6
77,Constantino,Seccombe,cseccombe24@columbia.edu,Male,119.247.95.58
78,Samuel,Filyashin,sfilyashin25@ted.com,Male,130.230.5.42
79,Rikki,Gidman,rgidman26@elegantthemes.com,Female,198.71.104.23
80,Craig,von Hagt,cvonhagt27@ted.com,Male,206.44.214.232
81,Rena,Higgoe,rhiggoe28@youtube.com,Female,116.94.72.20
82,Emmey,D'Alessio,edalessio29@walmart.com,Female,208.226.129.10
83,Jameson,Buggs,jbuggs2a@mlb.com,Male,142.49.104.225
84,Serge,Gliddon,sgliddon2b@redcross.org,Male,152.5.83.77
85,Valerye,Gomersal,vgomersal2c@smugmug.com,Female,50.48.37.72
86,Aluino,Yersin,ayersin2d@phoca.cz,Male,121.80.162.178
87,Danny,Syncke,dsyncke2e@people.com.cn,Female,113.239.240.252
88,Dyanne,Weblin,dweblin2f@huffingtonpost.com,Polygender,150.41.57.135
89,Siusan,Haughton,shaughton2g@adobe.com,Female,252.109.68.71
90,Nathalie,Penwright,npenwright2h@ifeng.com,Female,44.159.184.4
91,Galvan,Vanyatin,gvanyatin2i@utexas.edu,Male,95.50.68.196
92,Isabella,Tooth,itooth2j@homestead.com,Female,91.201.100.185
93,Dorie,D'Ugo,ddugo2k@shutterfly.com,Female,149.197.127.39
94,Gary,Crannis,gcrannis2l@godaddy.com,Male,241.41.241.123
95,Helge,Errichi,herrichi2m@disqus.com,Genderfluid,94.53.56.232
96,Jackqueline,Cargo,jcargo2n@goo.ne.jp,Female,203.226.156.154
97,Ingram,Jobling,ijobling2o@globo.com,Male,45.215.166.167
98,Mead,Brice,mbrice2p@behance.net,Male,209.37.185.191
99,Salvatore,Goodisson,sgoodisson2q@soup.io,Male,164.196.198.153
100,Ase,Neilan,aneilan2r@craigslist.org,Male,213.86.66.43
101,Xever,Holwell,xholwell2s@mapy.cz,Male,140.183.216.208
102,Shea,Novotna,snovotna2t@weebly.com,Female,128.140.74.76
103,Abbot,Cumine,acumine2u@opera.com,Male,129.107.70.251
104,Mischa,Markussen,mmarkussen2v@blinklist.com,Male,73.59.135.101
105,Arleen,Fardy,afardy2w@cdc.gov,Female,119.45.106.74
106,Radcliffe,Alabastar,ralabastar2x@webmd.com,Male,119.195.109.64
107,Dalia,Peascod,dpeascod2y@marriott.com,Female,70.128.42.1
108,Culley,Purvis,cpurvis2z@ifeng.com,Male,153.234.216.64
109,Isidoro,Wetherald,iwetherald30@loc.gov,Male,222.184.31.33
110,Jenna,Souttar,jsouttar31@army.mil,Female,153.131.218.16
111,Agnella,Starmont,astarmont32@loc.gov,Female,138.207.198.254
112,Oralie,Oppy,ooppy33@hc360.com,Female,173.143.99.181
113,Johan,Titchener,jtitchener34@rakuten.co.jp,Male,116.112.241.79
114,Napoleon,Choppen,nchoppen35@un.org,Male,237.119.206.4
115,Anallise,Lempke,alempke36@hhs.gov,Female,66.106.250.247
116,Saundra,Casillis,scasillis37@usatoday.com,Female,206.55.103.141
117,Jessie,Aikett,jaikett38@tinyurl.com,Male,106.36.80.84
118,Dix,Johantges,djohantges39@yelp.com,Female,90.143.12.31
119,Ivette,de Glanville,ideglanville3a@squarespace.com,Female,211.10.180.243
120,Shandra,Lotherington,slotherington3b@lulu.com,Female,194.50.151.52
121,Othella,Corkel,ocorkel3c@bravesites.com,Female,79.191.171.20
122,Maurie,Broadist,mbroadist3d@histats.com,Male,73.80.173.217
123,Anthia,Holbie,aholbie3e@adobe.com,Female,23.136.154.142
124,Florella,Martygin,fmartygin3f@desdev.cn,Female,17.47.233.191
125,Carlyle,Crissil,ccrissil3g@printfriendly.com,Male,223.241.116.30
126,Papageno,Achromov,pachromov3h@unc.edu,Male,124.159.180.48
127,Tootsie,Della,tdella3i@globo.com,Female,34.47.113.225
128,Adriaens,Punt,apunt3j@ucsd.edu,Female,92.70.215.102
129,Gerick,Cooney,gcooney3k@chron.com,Male,43.84.127.185
130,Thibaut,Coughan,tcoughan3l@geocities.jp,Male,145.23.136.116
131,Leland,McCutcheon,lmccutcheon3m@ft.com,Male,38.191.59.245
132,Darcee,Guinan,dguinan3n@gmpg.org,Female,197.251.169.47
133,Calv,Ritchard,critchard3o@msn.com,Male,222.207.165.204
134,Pail,Drayson,pdrayson3p@springer.com,Male,20.49.69.195
135,Laurie,Bromehead,lbromehead3q@nps.gov,Male,155.12.142.94
136,Arvy,Gouth,agouth3r@si.edu,Male,0.131.222.91
137,Diego,Behnke,dbehnke3s@fda.gov,Male,69.97.7.118
138,Evey,Freeland,efreeland3t@sun.com,Female,240.2.175.116
139,Monah,Vinson,mvinson3u@arizona.edu,Female,121.18.107.1
140,Biddie,Brewers,bbrewers3v@sakura.ne.jp,Female,238.253.202.183
141,Lyon,Webb,lwebb3w@cbc.ca,Male,230.187.35.255
142,Red,Darthe,rdarthe3x@bbc.co.uk,Male,174.240.209.241
143,Filide,Vasyanin,fvasyanin3y@economist.com,Female,210.212.17.67
144,Cornela,De Cruz,cdecruz3z@so-net.ne.jp,Non-binary,86.175.104.79
145,Merline,Gaskin,mgaskin40@imdb.com,Female,62.47.157.128
146,Mile,Darinton,mdarinton41@china.com.cn,Male,233.32.244.180
147,Nanette,Giametti,ngiametti42@mozilla.com,Female,103.3.85.183
148,Elene,Fancett,efancett43@google.pl,Female,193.60.54.164
149,Fidel,Gibbon,fgibbon44@dagondesign.com,Male,132.133.35.239
150,Bailie,Attaway,battaway45@biglobe.ne.jp,Male,7.137.11.36
151,Bernhard,Arnhold,barnhold46@paypal.com,Male,66.141.252.29
152,Wat,Gooderick,wgooderick47@redcross.org,Male,16.233.182.118
153,Tadeo,Lepick,tlepick48@reverbnation.com,Male,216.66.35.230
154,Loise,Elecum,lelecum49@youtube.com,Female,3.100.240.54
155,Blancha,O'Dreain,bodreain4a@icq.com,Female,89.43.83.146
156,Moss,Skevington,mskevington4b@pcworld.com,Bigender,20.46.110.218
157,Galen,St. Louis,gstlouis4c@example.com,Male,112.118.49.206
158,Harry,Craighill,hcraighill4d@facebook.com,Male,88.184.218.82
159,Wynn,Ivashchenko,wivashchenko4e@last.fm,Male,113.62.115.9
160,Roberta,De Francisci,rdefrancisci4f@mapquest.com,Non-binary,166.253.226.78
161,Alphonso,Lidgate,alidgate4g@msu.edu,Genderfluid,68.144.205.219
162,Heinrick,Canadine,hcanadine4h@cdbaby.com,Male,57.60.115.160
163,Hadria,Jonke,hjonke4i@purevolume.com,Female,117.32.10.204
164,Brina,Whiskin,bwhiskin4j@apple.com,Female,61.79.254.49
165,Lucien,Riordan,lriordan4k@imgur.com,Male,115.230.179.116
166,Lynnet,Deignan,ldeignan4l@canalblog.com,Female,202.38.138.128
167,Hollyanne,Pirazzi,hpirazzi4m@ifeng.com,Female,130.6.221.199
168,Brockie,Heads,bheads4n@nymag.com,Male,118.38.124.37
169,Jorge,Cabrara,jcabrara4o@wufoo.com,Male,133.116.248.166
170,Elana,Shovelin,eshovelin4p@yellowpages.com,Female,198.110.183.60
171,Michaelina,Lohering,mlohering4q@indiatimes.com,Female,89.66.162.206
172,Lena,Beadnall,lbeadnall4r@reference.com,Female,210.214.117.134
173,Svend,Dury,sdury4s@nationalgeographic.com,Agender,202.67.193.153
174,Whitaker,Weatherdon,wweatherdon4t@biblegateway.com,Male,230.240.92.123
175,Schuyler,Swiffin,sswiffin4u@archive.org,Genderfluid,193.11.237.191
176,Margot,Genders,mgenders4v@wired.com,Genderfluid,55.146.224.14
177,Brittani,Doumerque,bdoumerque4w@arizona.edu,Female,107.173.223.138
178,Harlan,Minster,hminster4x@samsung.com,Male,15.2.153.77
179,Justine,Depport,jdepport4y@acquirethisname.com,Female,56.5.207.41
180,Ennis,Le-Good,elegood4z@reference.com,Male,114.250.100.190
181,Casar,Rockcliff,crockcliff50@microsoft.com,Male,199.129.230.99
182,Elia,Risso,erisso51@multiply.com,Male,84.105.124.159
183,Brandice,Quinn,bquinn52@amazon.de,Female,18.224.102.110
184,Kenna,Olivera,kolivera53@oracle.com,Female,255.140.80.144
185,Cary,Strivens,cstrivens54@archive.org,Male,99.199.43.216
186,Abran,Esel,aesel55@aol.com,Male,29.170.211.50
187,Wallache,De Atta,wdeatta56@vinaora.com,Male,35.102.171.167
188,Eloisa,Sommerled,esommerled57@comcast.net,Genderqueer,159.179.56.215
189,Kaine,O' Shea,koshea58@weebly.com,Genderfluid,92.47.64.136
190,Yoshi,Dencs,ydencs59@msu.edu,Female,54.195.198.157
191,Bayard,Melchior,bmelchior5a@unblog.fr,Male,146.194.185.138
192,Wallie,Palia,wpalia5b@google.com.br,Female,126.170.161.239
193,Pauly,Warriner,pwarriner5c@cpanel.net,Male,118.152.214.182
194,Freddie,Barrick,fbarrick5d@vimeo.com,Female,97.162.118.57
195,Nikolia,Jendrys,njendrys5e@thetimes.co.uk,Female,158.242.249.70
196,Peadar,Coleridge,pcoleridge5f@phpbb.com,Male,214.238.107.34
197,Ancell,Pesterfield,apesterfield5g@fotki.com,Male,13.104.76.6
198,Marlyn,Das,mdas5h@fda.gov,Female,204.64.249.116
199,Kacey,Dewdney,kdewdney5i@sciencedaily.com,Non-binary,200.185.88.137
200,Jonas,Cahill,jcahill5j@blogs.com,Male,107.190.223.158
201,Robin,Jehu,rjehu5k@tripadvisor.com,Male,53.96.126.63
202,Salim,Magister,smagister5l@trellian.com,Male,84.119.139.159
203,Robenia,Stealy,rstealy5m@woothemes.com,Genderfluid,185.175.92.23
204,Darya,Spottswood,dspottswood5n@facebook.com,Female,137.106.207.25
205,Alister,Bernardoni,abernardoni5o@shutterfly.com,Male,206.56.147.152
206,Nels,Loghan,nloghan5p@epa.gov,Male,46.207.5.251
207,Theodor,Duinbleton,tduinbleton5q@angelfire.com,Male,123.223.196.200
208,Mathew,Tzuker,mtzuker5r@dropbox.com,Male,221.227.63.242
209,Pip,McCaughen,pmccaughen5s@123-reg.co.uk,Male,22.184.143.194
210,Maryanna,Costa,mcosta5t@liveinternet.ru,Female,199.98.103.247
211,Edythe,Doorly,edoorly5u@springer.com,Female,186.155.87.2
212,Gusta,Normanvill,gnormanvill5v@tiny.cc,Female,57.112.17.181
213,Emilio,Florey,eflorey5w@upenn.edu,Male,173.124.92.149
214,Salmon,Durtnall,sdurtnall5x@youku.com,Male,160.132.197.205
215,Toiboid,Pascho,tpascho5y@hud.gov,Male,84.207.38.98
216,Freddy,Jowsey,fjowsey5z@google.fr,Female,232.104.85.9
217,Radcliffe,Hawthorne,rhawthorne60@upenn.edu,Male,44.131.218.122
218,Marne,Yoseloff,myoseloff61@nytimes.com,Female,234.205.187.225
219,Ty,Shory,tshory62@alexa.com,Male,21.21.55.32
220,Hi,Coggles,hcoggles63@jimdo.com,Male,238.202.236.249
221,Hayward,Sheal,hsheal64@uol.com.br,Male,210.255.36.107
222,Matty,Maynell,mmaynell65@artisteer.com,Male,149.174.206.166
223,Merla,Clipson,mclipson66@npr.org,Genderfluid,162.100.110.188
224,Lazare,Latehouse,llatehouse67@census.gov,Male,73.48.98.242
225,Florinda,Hurdle,fhurdle68@japanpost.jp,Female,215.93.127.117
226,Siegfried,Pieche,spieche69@fda.gov,Male,79.108.221.83
227,Josee,Petyanin,jpetyanin6a@shutterfly.com,Female,11.92.113.225
228,Valentijn,Royste,vroyste6b@tiny.cc,Male,172.149.195.205
229,Letisha,Hirche,lhirche6c@bing.com,Female,54.209.62.70
230,Cullie,Pickton,cpickton6d@vinaora.com,Male,15.35.52.48
231,Sammie,Crocken,scrocken6e@earthlink.net,Male,56.185.95.165
232,Caralie,Tithecott,ctithecott6f@blogtalkradio.com,Female,47.40.196.252
233,Renard,Vargas,rvargas6g@ftc.gov,Male,162.65.133.129
234,Ninette,Bromige,nbromige6h@behance.net,Female,196.147.234.190
235,Gwyneth,Chugg,gchugg6i@freewebs.com,Female,222.50.178.106
236,Percival,Finder,pfinder6j@themeforest.net,Male,70.183.240.40
237,My,Midson,mmidson6k@dion.ne.jp,Male,97.94.90.124
238,Walliw,Chinn,wchinn6l@seattletimes.com,Female,33.48.19.249
239,Angelika,Laughren,alaughren6m@wufoo.com,Female,38.69.2.190
240,Cosme,Casburn,ccasburn6n@yale.edu,Male,182.169.197.212
241,Jamill,Patry,jpatry6o@com.com,Male,244.99.84.77
242,Bekki,Lowfill,blowfill6p@go.com,Female,1.46.236.196
243,Maximilianus,Montez,mmontez6q@economist.com,Male,237.217.225.148
244,Aldus,Swaite,aswaite6r@t.co,Male,128.96.36.38
245,Candie,Brim,cbrim6s@msu.edu,Female,221.245.9.234
246,Iago,Bushrod,ibushrod6t@istockphoto.com,Male,219.169.156.216
247,Jacquelin,Tuminini,jtuminini6u@umich.edu,Female,70.182.72.105
248,Gerik,Firk,gfirk6v@51.la,Male,252.59.7.81
249,Fay,Lanfare,flanfare6w@youtu.be,Female,224.100.190.179
250,Sansone,Chuter,schuter6x@facebook.com,Male,141.70.161.243
251,Christa,McMichan,cmcmichan6y@hud.gov,Female,108.32.200.115
252,Jacinda,Thompsett,jthompsett6z@sohu.com,Female,59.3.201.93
253,Verna,Martensen,vmartensen70@reuters.com,Female,233.33.239.126
254,Lorain,Greep,lgreep71@zdnet.com,Female,236.160.254.140
255,Courtney,Janny,cjanny72@answers.com,Male,106.76.102.156
256,Willyt,Sleeford,wsleeford73@mashable.com,Female,2.189.129.190
257,Tabbie,Doxsey,tdoxsey74@over-blog.com,Male,153.243.145.96
258,Regan,Zorn,rzorn75@patch.com,Female,120.177.25.2
259,Gennie,Blythin,gblythin76@examiner.com,Female,11.113.10.189
260,Agna,Blackney,ablackney77@amazon.co.uk,Female,30.208.26.197
261,Garek,Cuddon,gcuddon78@intel.com,Agender,40.115.191.1
262,Silvia,Pedler,spedler79@hugedomains.com,Female,98.46.67.115
263,Benyamin,Konneke,bkonneke7a@de.vu,Male,73.46.169.34
264,Fielding,Palfrie,fpalfrie7b@google.com,Male,126.158.225.132
265,Zacharie,Bertenshaw,zbertenshaw7c@netlog.com,Male,58.158.182.211
266,Oralle,Verni,overni7d@google.com.au,Non-binary,43.235.164.99
267,Hedi,Furzey,hfurzey7e@pinterest.com,Female,55.192.220.49
268,Stormy,Mathely,smathely7f@yahoo.co.jp,Female,214.136.124.141
269,Yorgo,Di Napoli,ydinapoli7g@si.edu,Male,123.206.183.220
270,Malchy,Fairlamb,mfairlamb7h@cbslocal.com,Polygender,130.187.241.207
271,Wilmette,Gimlet,wgimlet7i@slideshare.net,Agender,151.73.147.28
272,Faulkner,Bulluck,fbulluck7j@wix.com,Male,78.123.247.197
273,Marijo,Rounsefull,mrounsefull7k@artisteer.com,Female,38.100.22.1
274,Hermann,Hepher,hhepher7l@state.gov,Male,212.109.205.203
275,Collie,Brecknell,cbrecknell7m@ezinearticles.com,Female,206.251.24.236
276,Mayor,Ollive,mollive7n@elegantthemes.com,Male,71.43.46.232
277,Gherardo,Jeffs,gjeffs7o@goo.ne.jp,Male,187.249.103.110
278,Chalmers,Tivnan,ctivnan7p@instagram.com,Male,58.152.217.53
279,Walsh,Wateridge,wwateridge7q@domainmarket.com,Male,132.31.42.4
280,Joachim,Gouth,jgouth7r@fda.gov,Male,103.63.52.27
281,Julie,Goldsmith,jgoldsmith7s@desdev.cn,Male,202.251.188.4
282,Russell,Jenkyn,rjenkyn7t@independent.co.uk,Male,14.119.78.223
283,Gaston,Miell,gmiell7u@ameblo.jp,Male,12.160.29.142
284,Mariquilla,Drable,mdrable7v@twitter.com,Female,195.139.143.82
285,Avrom,Polkinhorn,apolkinhorn7w@tripod.com,Male,74.76.18.48
286,Persis,Fannon,pfannon7x@stanford.edu,Female,154.175.68.247
287,Jane,MacKim,jmackim7y@time.com,Female,201.178.135.172
288,Sandor,Dowty,sdowty7z@mozilla.com,Male,57.37.235.169
289,Jonathon,Whenham,jwhenham80@berkeley.edu,Male,104.160.243.136
290,Breena,Childerley,bchilderley81@prweb.com,Genderqueer,165.113.253.90
291,Moll,Gentery,mgentery82@typepad.com,Female,125.229.169.146
292,Peggi,Sussems,psussems83@mozilla.org,Female,57.145.246.90
293,Concettina,Andrew,candrew84@ezinearticles.com,Female,54.34.37.213
294,Viva,Shitliff,vshitliff85@meetup.com,Female,77.73.32.117
295,Forrester,Ring,fring86@hatena.ne.jp,Male,128.199.9.162
296,Tessie,Lotherington,tlotherington87@123-reg.co.uk,Female,160.90.190.241
297,Saunders,Sutherden,ssutherden88@ft.com,Male,253.242.168.218
298,Julissa,Impy,jimpy89@apple.com,Female,72.9.124.145
299,Ranique,Doggrell,rdoggrell8a@1688.com,Female,149.220.64.219
300,Bogey,Bineham,bbineham8b@360.cn,Male,223.13.68.189
301,Kathryn,Kender,kkender8c@prweb.com,Female,110.127.56.211
302,Marcile,Cheake,mcheake8d@noaa.gov,Female,151.123.197.178
303,Hadlee,Elkin,helkin8e@princeton.edu,Male,242.239.206.9
304,Lian,Sollon,lsollon8f@wikipedia.org,Female,148.165.119.227
305,Loraine,Prandoni,lprandoni8g@hubpages.com,Female,156.84.57.12
306,Durante,Silkstone,dsilkstone8h@arstechnica.com,Male,140.197.233.150
307,Florencia,Ickovicz,fickovicz8i@yahoo.co.jp,Female,41.94.82.75
308,Thoma,Waszkiewicz,twaszkiewicz8j@vistaprint.com,Bigender,179.200.119.19
309,Jamey,Autie,jautie8k@ed.gov,Male,120.154.107.222
310,Sig,Poppleton,spoppleton8l@paginegialle.it,Male,250.254.27.185
311,Coralie,Castagno,ccastagno8m@wordpress.com,Female,115.152.210.147
312,Marget,Vink,mvink8n@rakuten.co.jp,Bigender,215.18.149.111
313,Portie,MacHarg,pmacharg8o@amazon.co.jp,Male,14.76.177.214
314,Jocelyne,Nijssen,jnijssen8p@scientificamerican.com,Female,198.1.215.140
315,Sophia,Esterbrook,sesterbrook8q@360.cn,Female,233.250.155.118
316,Jennee,Lomb,jlomb8r@zdnet.com,Female,115.215.123.42
317,Nevin,Frisdick,nfrisdick8s@eventbrite.com,Male,100.193.180.245
318,Gustie,Lawden,glawden8t@shutterfly.com,Female,28.98.228.212
319,Sim,Magister,smagister8u@taobao.com,Male,63.246.211.162
320,Zacharia,Bengochea,zbengochea8v@examiner.com,Male,27.20.126.106
321,Sebastien,Strafford,sstrafford8w@home.pl,Agender,99.135.136.198
322,Carolann,Pacht,cpacht8x@eepurl.com,Female,99.145.40.137
323,Hynda,Uridge,huridge8y@jiathis.com,Bigender,65.108.83.219
324,Hamel,Flanders,hflanders8z@eepurl.com,Bigender,196.90.34.204
325,Bendite,Candy,bcandy90@opera.com,Female,77.79.202.246
326,Abey,Dinneen,adinneen91@paypal.com,Male,145.25.148.241
327,Meridith,Twentyman,mtwentyman92@sina.com.cn,Female,235.20.55.81
328,Katerina,Hewlings,khewlings93@miitbeian.gov.cn,Female,249.240.212.191
329,Holly,Savin,hsavin94@epa.gov,Female,52.98.147.45
330,Joey,Cancellario,jcancellario95@ow.ly,Male,97.19.147.194
331,Melisa,Wheelwright,mwheelwright96@slideshare.net,Female,217.252.27.231
332,Kenneth,Paulino,kpaulino97@yellowbook.com,Non-binary,49.79.219.17
333,Sofie,Connew,sconnew98@tinyurl.com,Non-binary,203.202.29.26
334,Alano,Mossop,amossop99@ucoz.com,Male,194.30.10.0
335,Edith,Carney,ecarney9a@fc2.com,Female,57.9.155.144
336,Jaquelin,Heynen,jheynen9b@xing.com,Female,152.166.83.63
337,Barnett,Reckless,breckless9c@sciencedirect.com,Male,12.207.133.141
338,Felisha,Bambrugh,fbambrugh9d@liveinternet.ru,Female,142.233.88.83
339,Laureen,Zuanazzi,lzuanazzi9e@ask.com,Female,117.90.217.136
340,Adele,Staten,astaten9f@alibaba.com,Female,35.88.110.29
341,Leticia,Aronovitz,laronovitz9g@linkedin.com,Female,214.87.215.83
342,Shaylah,Jodkowski,sjodkowski9h@icq.com,Female,81.218.167.77
343,Lorilyn,Palmar,lpalmar9i@senate.gov,Female,4.44.205.173
344,Zak,Siviter,zsiviter9j@hp.com,Male,207.76.25.190
345,Hasheem,Dinsey,hdinsey9k@tripadvisor.com,Male,176.74.146.182
346,Adey,Pennoni,apennoni9l@home.pl,Female,234.241.155.168
347,Leicester,Faudrie,lfaudrie9m@usnews.com,Male,151.77.9.136
348,Iorgo,Doblin,idoblin9n@wordpress.org,Male,181.78.195.160
349,Rowney,Droghan,rdroghan9o@icq.com,Male,25.42.205.97
350,Theodora,Fehner,tfehner9p@uol.com.br,Female,125.5.138.50
351,Yvor,Kermode,ykermode9q@google.it,Male,152.172.91.18
352,Dagny,Marishenko,dmarishenko9r@oaic.gov.au,Male,159.170.107.241
353,Antonio,Fishbourn,afishbourn9s@typepad.com,Male,39.186.71.186
354,Lotti,Gorcke,lgorcke9t@fastcompany.com,Female,65.192.6.25
355,Audrey,Joscelyne,ajoscelyne9u@edublogs.org,Female,226.216.69.154
356,Nissie,Allnutt,nallnutt9v@wiley.com,Female,197.202.59.82
357,Lindsay,Hedlestone,lhedlestone9w@aol.com,Male,10.54.114.69
358,Anderea,Frisel,afrisel9x@domainmarket.com,Female,113.211.171.117
359,Salvidor,Bendik,sbendik9y@chron.com,Male,38.100.47.132
360,Ingra,Giannassi,igiannassi9z@prnewswire.com,Male,38.217.86.170
361,Kesley,Corter,kcortera0@salon.com,Female,165.125.119.20
362,Kip,Mishow,kmishowa1@blogspot.com,Male,194.113.93.215
363,Brynna,Walpole,bwalpolea2@typepad.com,Female,94.21.70.213
364,Sarette,Yeiles,syeilesa3@mapy.cz,Female,198.59.228.250
365,Orson,Frude,ofrudea4@apache.org,Male,42.210.223.135
366,Faydra,Cammack,fcammacka5@live.com,Female,191.25.72.217
367,Brian,Cristoforetti,bcristoforettia6@php.net,Male,212.238.45.247
368,Rich,Martill,rmartilla7@netlog.com,Male,202.227.168.223
369,Andre,Hambling,ahamblinga8@sakura.ne.jp,Male,197.159.191.162
370,Kelly,Larby,klarbya9@usnews.com,Female,2.225.3.17
371,Sunny,Domek,sdomekaa@dell.com,Male,32.247.66.74
372,Waldemar,Roakes,wroakesab@tinyurl.com,Polygender,17.63.193.170
373,Robin,Andreas,randreasac@abc.net.au,Male,183.33.96.1
374,Reilly,O'Hollegan,roholleganad@e-recht24.de,Male,255.28.118.30
375,Rriocard,Brasher,rbrasherae@blogtalkradio.com,Male,53.185.10.112
376,Alidia,Gateman,agatemanaf@engadget.com,Female,2.102.41.176
377,Sanford,Trask,straskag@dedecms.com,Male,168.137.49.27
378,Mark,Patriskson,mpatrisksonah@ibm.com,Male,9.177.106.216
379,Odele,Mirrlees,omirrleesai@cam.ac.uk,Female,16.242.63.73
380,Rodie,Orro,rorroaj@abc.net.au,Female,44.168.36.231
381,Trudie,Benoit,tbenoitak@goo.gl,Bigender,137.70.133.41
382,Amelita,Whitehall,awhitehallal@youku.com,Female,156.48.58.177
383,Sheffield,Littrell,slittrellam@wisc.edu,Male,55.50.112.108
384,Oriana,Emmett,oemmettan@nps.gov,Female,88.150.113.195
385,Chloe,Steaning,csteaningao@jalbum.net,Female,63.112.33.83
386,Tobe,Kellen,tkellenap@unicef.org,Male,102.209.42.136
387,Yorker,Tschierasche,ytschierascheaq@shop-pro.jp,Male,29.156.247.183
388,Emmeline,Mattinson,emattinsonar@pinterest.com,Female,159.73.107.91
389,Darnall,Jezzard,djezzardas@chron.com,Male,3.110.3.223
390,Marji,Kas,mkasat@odnoklassniki.ru,Female,156.153.71.75
391,Mac,Durber,mdurberau@reddit.com,Male,42.238.139.215
392,Roderic,Heinsius,rheinsiusav@bluehost.com,Male,98.51.41.46
393,Kylie,Lynskey,klynskeyaw@salon.com,Male,148.25.41.229
394,Raleigh,Fitzjohn,rfitzjohnax@omniture.com,Male,20.27.147.65
395,Vinny,Bienvenu,vbienvenuay@biblegateway.com,Female,188.173.205.45
396,Thorvald,Nitti,tnittiaz@fotki.com,Male,105.123.248.162
397,Emili,Ferson,efersonb0@google.ca,Female,95.192.55.58
398,Shaughn,Fannin,sfanninb1@nyu.edu,Male,164.31.236.94
399,Gusta,Handling,ghandlingb2@vistaprint.com,Female,174.130.76.34
400,Sadie,Beaby,sbeabyb3@fc2.com,Female,251.218.218.82
401,Haily,Tanner,htannerb4@oakley.com,Male,35.115.245.128
402,Tab,Bonnett,tbonnettb5@flickr.com,Male,31.26.95.187
403,Wendi,Lago,wlagob6@shop-pro.jp,Female,115.187.49.151
404,Chauncey,Rylett,crylettb7@kickstarter.com,Male,216.249.106.251
405,Gaspar,Bladon,gbladonb8@stumbleupon.com,Male,161.65.23.248
406,Toinette,Berzon,tberzonb9@cbc.ca,Female,188.243.8.95
407,Ajay,Isakson,aisaksonba@ihg.com,Female,249.163.21.94
408,Care,Gogarty,cgogartybb@gmpg.org,Male,205.242.226.23
409,Reagan,Crease,rcreasebc@engadget.com,Male,85.127.185.198
410,Chaddy,Woodyatt,cwoodyattbd@tumblr.com,Agender,236.170.37.169
411,Sharity,Dilks,sdilksbe@4shared.com,Female,99.210.72.45
412,Paige,Spykins,pspykinsbf@infoseek.co.jp,Female,200.159.241.21
413,Cosette,Gayler,cgaylerbg@opera.com,Female,25.217.134.15
414,Rita,Spratt,rsprattbh@amazonaws.com,Female,14.167.141.190
415,Cullan,Pietasch,cpietaschbi@wsj.com,Male,207.20.48.224
416,Ware,Bettenay,wbettenaybj@nydailynews.com,Male,132.223.134.167
417,Siffre,Perassi,sperassibk@infoseek.co.jp,Male,69.203.164.167
418,Mord,Clandillon,mclandillonbl@rambler.ru,Male,234.90.203.166
419,Hamlin,Stainfield,hstainfieldbm@imageshack.us,Male,98.10.0.240
420,Jeri,Espie,jespiebn@dailymail.co.uk,Female,111.12.245.200
421,Claretta,Brennen,cbrennenbo@fc2.com,Bigender,109.157.83.193
422,Paul,Fillon,pfillonbp@smugmug.com,Male,10.73.13.167
423,Chevalier,Collabine,ccollabinebq@pagesperso-orange.fr,Male,217.131.24.104
424,Bekki,Buckam,bbuckambr@aol.com,Female,245.118.24.226
425,Heida,Fotitt,hfotittbs@simplemachines.org,Female,141.83.210.241
426,Germain,McCue,gmccuebt@angelfire.com,Male,138.217.224.183
427,Jami,Wrates,jwratesbu@slideshare.net,Female,60.7.86.187
428,Godfry,Tanser,gtanserbv@cnn.com,Male,122.33.138.226
429,Kristan,Bigg,kbiggbw@ftc.gov,Female,214.246.83.84
430,Ninnette,Ebrall,nebrallbx@census.gov,Female,148.172.157.90
431,Antoinette,Chastney,achastneyby@samsung.com,Female,69.204.44.114
432,Lindy,Ripsher,lripsherbz@ocn.ne.jp,Male,121.173.29.105
433,Calley,Heams,cheamsc0@globo.com,Female,22.222.34.178
434,Dasie,Lindenfeld,dlindenfeldc1@theatlantic.com,Female,50.195.254.15
435,Morse,Pearch,mpearchc2@bbb.org,Male,120.209.69.219
436,Vidovic,Laste,vlastec3@stanford.edu,Male,35.43.40.92
437,Caterina,Bompass,cbompassc4@cocolog-nifty.com,Female,215.18.81.66
438,Hewitt,Cooper,hcooperc5@unc.edu,Polygender,241.20.254.222
439,Andrea,Byk,abykc6@blinklist.com,Genderqueer,194.202.55.192
440,Juliet,Carnall,jcarnallc7@bandcamp.com,Female,124.157.251.151
441,Bob,Glide,bglidec8@msn.com,Male,73.200.17.241
442,Reggi,Phoebe,rphoebec9@cnn.com,Bigender,254.211.223.29
443,Marjory,Walburn,mwalburnca@google.pl,Female,170.13.168.155
444,Hilly,Bisacre,hbisacrecb@blogs.com,Male,131.173.91.158
445,Barde,Taffley,btaffleycc@loc.gov,Male,7.199.67.168
446,Gilbertina,Wilber,gwilbercd@hao123.com,Female,203.222.162.104
447,Benito,Capineer,bcapineerce@sohu.com,Male,233.10.7.124
448,Mile,Castelli,mcastellicf@deviantart.com,Male,235.82.130.18
449,Rosa,Bohike,rbohikecg@cmu.edu,Female,105.215.249.252
450,Cello,Huddles,chuddlesch@hhs.gov,Male,87.65.234.151
451,Bobbie,Tunn,btunnci@ihg.com,Female,53.203.70.210
452,Alastair,Lernihan,alernihancj@weebly.com,Bigender,60.65.63.118
453,Sid,Roebottom,sroebottomck@indiatimes.com,Male,59.126.167.138
454,Raffarty,Balchen,rbalchencl@home.pl,Male,126.48.55.28
455,Babbie,Temporal,btemporalcm@geocities.com,Polygender,200.170.105.165
456,Appolonia,Ubsdell,aubsdellcn@un.org,Female,39.226.19.89
457,Davie,Bagott,dbagottco@rakuten.co.jp,Male,217.9.212.74
458,Derril,Nares,dnarescp@etsy.com,Male,137.150.86.253
459,Ethelda,Simon,esimoncq@cbslocal.com,Female,39.16.252.138
460,Berry,Farquhar,bfarquharcr@cnn.com,Female,208.72.189.74
461,Meggy,Benedidick,mbenedidickcs@meetup.com,Polygender,248.133.103.107
462,Falkner,Burdus,fburdusct@gizmodo.com,Male,20.114.97.232
463,Felicia,Bobasch,fbobaschcu@uol.com.br,Female,32.21.204.50
464,Milli,Wheelton,mwheeltoncv@github.io,Female,220.221.147.62
465,Roseanne,Winear,rwinearcw@stumbleupon.com,Female,229.25.81.186
466,Barb,Ubsdell,bubsdellcx@friendfeed.com,Female,103.234.181.130
467,Johannes,Giorgioni,jgiorgionicy@xrea.com,Male,211.205.250.75
468,Lebbie,Mackney,lmackneycz@foxnews.com,Female,227.186.31.132
469,Walsh,Moyle,wmoyled0@census.gov,Male,83.121.242.155
470,Gerek,Accombe,gaccombed1@vkontakte.ru,Male,152.64.113.156
471,Pamelina,Titcom,ptitcomd2@dot.gov,Female,55.120.101.180
472,Germain,Cianelli,gcianellid3@furl.net,Male,5.81.53.167
473,Babb,Dicte,bdicted4@patch.com,Female,151.203.32.199
474,Horatius,Godilington,hgodilingtond5@dedecms.com,Male,12.244.161.122
475,Hally,Meddows,hmeddowsd6@globo.com,Genderqueer,154.203.18.46
476,Yettie,Ciciari,yciciarid7@unc.edu,Female,77.52.105.159
477,Marlyn,Griswaite,mgriswaited8@webnode.com,Female,161.235.189.50
478,Lulita,McMonies,lmcmoniesd9@nyu.edu,Female,60.207.23.223
479,Griffie,Huffy,ghuffyda@nba.com,Male,56.215.49.130
480,Helga,Loisi,hloisidb@cbc.ca,Female,125.67.48.74
481,Boyd,Leman,blemandc@washingtonpost.com,Male,99.215.208.243
482,Andrej,Draijer,adraijerdd@studiopress.com,Male,105.124.91.180
483,Kennie,Doelle,kdoellede@newyorker.com,Male,35.162.133.67
484,Clarette,Lampke,clampkedf@independent.co.uk,Female,253.100.175.94
485,Yetty,Giggs,ygiggsdg@naver.com,Female,41.23.189.189
486,Carine,Wigfield,cwigfielddh@blogspot.com,Female,100.172.47.47
487,Goddard,Mardlin,gmardlindi@craigslist.org,Male,52.177.50.221
488,Dayle,Piell,dpielldj@webs.com,Genderqueer,157.35.7.123
489,Adair,Becom,abecomdk@msu.edu,Male,240.36.72.37
490,Alfi,Pohl,apohldl@mail.ru,Polygender,72.164.7.73
491,Carita,Scard,cscarddm@china.com.cn,Female,112.26.224.145
492,Salvatore,Batterbee,sbatterbeedn@theatlantic.com,Male,50.60.140.138
493,Dianna,Whitcher,dwhitcherdo@flickr.com,Polygender,127.153.20.125
494,Jemima,Rodliff,jrodliffdp@sphinn.com,Female,246.87.202.36
495,Dody,Coatman,dcoatmandq@virginia.edu,Female,58.129.129.67
496,Shannon,Treadaway,streadawaydr@tuttocitta.it,Male,28.10.51.184
497,Fabe,MacMychem,fmacmychemds@tamu.edu,Male,26.229.89.192
498,Uriel,Kasbye,ukasbyedt@deviantart.com,Male,250.225.83.4
499,Merna,Guerola,mgueroladu@creativecommons.org,Female,41.89.88.246
500,Kalle,Northley,knorthleydv@wordpress.org,Male,182.37.132.110
501,Ryann,Jantzen,rjantzendw@webnode.com,Female,16.15.32.63
502,Othilie,Shortall,oshortalldx@apache.org,Female,3.123.21.194
503,Justin,Louisot,jlouisotdy@parallels.com,Agender,177.204.167.97
504,Staci,Clear,scleardz@cbc.ca,Female,216.39.53.25
505,Amerigo,Pringer,apringere0@shutterfly.com,Male,27.47.60.15
506,Culver,Simes,csimese1@bigcartel.com,Male,244.226.118.212
507,Siobhan,Alliband,sallibande2@rakuten.co.jp,Female,21.208.199.254
508,Jilly,Dunbar,jdunbare3@cornell.edu,Female,200.163.24.157
509,Janelle,Prendergrast,jprendergraste4@sciencedaily.com,Female,255.139.230.78
510,Salmon,Riley,srileye5@amazon.de,Male,235.194.237.157
511,Julissa,Millis,jmillise6@usnews.com,Female,23.58.178.241
512,Wenonah,Henzley,whenzleye7@istockphoto.com,Female,138.227.250.113
513,Jerome,Yakunkin,jyakunkine8@cornell.edu,Male,200.179.29.182
514,Elyssa,Sabbatier,esabbatiere9@shinystat.com,Female,79.84.44.225
515,Galvin,Crichley,gcrichleyea@oracle.com,Male,134.104.208.12
516,Marylou,Lesurf,mlesurfeb@vinaora.com,Female,214.44.139.236
517,Risa,Jedras,rjedrasec@newyorker.com,Non-binary,116.5.239.141
518,Gery,Faircley,gfaircleyed@answers.com,Male,123.181.249.32
519,Ibbie,Ames,iamesee@zdnet.com,Female,136.32.81.124
520,Biddie,Velte,bvelteef@smugmug.com,Genderqueer,127.74.19.9
521,Vinni,Amberger,vambergereg@goo.gl,Female,164.226.186.215
522,Germain,Warlowe,gwarloweeh@google.cn,Male,111.14.211.153
523,Nealon,Baldrick,nbaldrickei@youtube.com,Non-binary,60.104.63.75
524,Stanislaus,Gonnard,sgonnardej@samsung.com,Male,80.164.231.153
525,Caria,Coady,ccoadyek@meetup.com,Female,202.230.254.178
526,Elane,Tolson,etolsonel@microsoft.com,Female,97.93.190.58
527,Hilliard,Northwood,hnorthwoodem@jiathis.com,Male,41.48.196.141
528,Joel,Chidley,jchidleyen@shop-pro.jp,Male,32.146.216.37
529,Hobie,Bathow,hbathoweo@ovh.net,Male,151.230.180.82
530,Hewitt,Roaf,hroafep@phpbb.com,Male,164.141.135.84
531,Nana,Ellsom,nellsomeq@ustream.tv,Female,89.31.89.255
532,Mordecai,Mothersole,mmothersoleer@wsj.com,Male,16.21.123.1
533,Tawnya,Karus,tkaruses@oracle.com,Female,18.148.151.63
534,Darda,Sodor,dsodoret@vimeo.com,Female,218.14.123.78
535,Sven,Leynagh,sleynagheu@dot.gov,Male,15.238.128.218
536,Sella,Lodder,slodderev@youku.com,Female,159.13.159.189
537,Denney,Furtado,dfurtadoew@topsy.com,Male,220.156.10.243
538,Winifield,Karadzas,wkaradzasex@shinystat.com,Male,88.16.159.237
539,Robbi,Moncrefe,rmoncrefeey@linkedin.com,Female,108.3.27.23
540,Teodora,Hutt,thuttez@youtube.com,Female,86.164.205.251
541,Nessie,Djurisic,ndjurisicf0@earthlink.net,Female,201.20.117.166
542,Teddie,Faivre,tfaivref1@opera.com,Male,168.248.129.217
543,Jo-ann,Christopherson,jchristophersonf2@imageshack.us,Female,56.178.23.42
544,Lorenzo,Castagnaro,lcastagnarof3@jugem.jp,Male,29.210.26.252
545,Elane,McGonagle,emcgonaglef4@narod.ru,Female,43.243.243.217
546,Jerrilee,Dykes,jdykesf5@opensource.org,Agender,149.72.35.196
547,Dorine,Rowson,drowsonf6@amazon.com,Female,49.230.11.65
548,Pierce,Rottery,protteryf7@ow.ly,Male,4.135.135.231
549,Camey,McColgan,cmccolganf8@reddit.com,Male,33.50.93.44
550,Hedwig,Cranson,hcransonf9@theguardian.com,Female,30.119.255.78
551,Petunia,Cobson,pcobsonfa@eepurl.com,Female,157.7.141.154
552,Gwyn,Fyall,gfyallfb@google.com.br,Female,72.85.27.19
553,Rafaelita,Maneylaws,rmaneylawsfc@psu.edu,Female,33.23.43.90
554,Lauralee,Vann,lvannfd@engadget.com,Female,248.251.103.167
555,Nichole,Seckington,nseckingtonfe@bloglines.com,Female,198.76.91.62
556,Jethro,Gaymar,jgaymarff@wired.com,Male,222.224.26.38
557,Hale,Crookshank,hcrookshankfg@webnode.com,Male,247.143.193.253
558,Halley,Petrina,hpetrinafh@google.fr,Female,200.60.107.40
559,Minnnie,Shernock,mshernockfi@accuweather.com,Female,241.206.74.137
560,Katrinka,Hastewell,khastewellfj@netscape.com,Female,177.18.180.6
561,Hasheem,Gallehock,hgallehockfk@pen.io,Male,197.182.238.241
562,Mayer,Goodship,mgoodshipfl@booking.com,Male,134.135.15.62
563,Herbert,Vanyashkin,hvanyashkinfm@ft.com,Male,115.225.22.171
564,Shelagh,Drinkhall,sdrinkhallfn@loc.gov,Female,53.43.242.108
565,Vanna,Tattershaw,vtattershawfo@ucoz.ru,Female,104.204.79.119
566,Mela,Couldwell,mcouldwellfp@delicious.com,Female,53.252.69.160
567,Kermy,Drewry,kdrewryfq@mashable.com,Male,116.15.100.175
568,Burch,Brundale,bbrundalefr@un.org,Male,28.237.135.157
569,Edgard,Brend,ebrendfs@tripadvisor.com,Male,36.87.162.174
570,Terrijo,Saby,tsabyft@sourceforge.net,Genderqueer,106.181.222.42
571,Karlik,O'Lagen,kolagenfu@forbes.com,Male,197.123.94.63
572,Nerita,Heardman,nheardmanfv@xrea.com,Female,29.124.207.157
573,Allyce,Tramel,atramelfw@exblog.jp,Female,125.50.199.92
574,Putnem,Bass,pbassfx@squarespace.com,Male,116.20.93.43
575,Bel,Cohane,bcohanefy@netvibes.com,Female,62.246.105.29
576,Berkly,Brace,bbracefz@nationalgeographic.com,Male,142.137.50.54
577,Norman,Neagle,nneagleg0@goo.gl,Male,150.39.105.121
578,Cliff,Izchaki,cizchakig1@oaic.gov.au,Male,170.141.244.81
579,Joelle,Coils,jcoilsg2@sohu.com,Female,155.55.223.40
580,Adler,Malyon,amalyong3@quantcast.com,Male,219.204.147.103
581,Stacy,Salzberg,ssalzbergg4@opensource.org,Female,107.170.50.59
582,Jordan,Monkeman,jmonkemang5@foxnews.com,Female,184.57.9.212
583,Guillemette,Domelow,gdomelowg6@list-manage.com,Female,51.6.152.230
584,Karole,Dimitrijevic,kdimitrijevicg7@house.gov,Female,68.158.56.132
585,Niles,Strike,nstrikeg8@addtoany.com,Male,13.79.222.172
586,Mufinella,Kaine,mkaineg9@pcworld.com,Female,96.180.178.203
587,Morissa,Flemming,mflemmingga@who.int,Female,254.218.222.187
588,Merv,Huckleby,mhucklebygb@fema.gov,Genderqueer,248.233.194.35
589,Bunny,Crocroft,bcrocroftgc@quantcast.com,Female,202.223.20.81
590,Grange,Buckberry,gbuckberrygd@cam.ac.uk,Male,128.12.132.17
591,Michele,Smallwood,msmallwoodge@craigslist.org,Female,153.227.170.193
592,Shellysheldon,Langhorne,slanghornegf@oaic.gov.au,Male,208.149.100.252
593,Bridgette,Burnip,bburnipgg@msu.edu,Female,167.97.61.128
594,Daune,Masser,dmassergh@noaa.gov,Female,24.73.111.60
595,Karry,Hawkett,khawkettgi@hostgator.com,Female,68.84.155.252
596,Alberto,Binnell,abinnellgj@webs.com,Polygender,105.17.80.185
597,Portie,Chattey,pchatteygk@oakley.com,Male,6.106.88.4
598,Adolphe,Clamp,aclampgl@woothemes.com,Male,53.101.64.146
599,Stephani,Reinisch,sreinischgm@istockphoto.com,Female,248.170.102.173
600,Packston,Browse,pbrowsegn@hao123.com,Male,133.84.182.211
601,Gerry,Wrathmell,gwrathmellgo@google.com,Non-binary,241.131.244.68
602,Violette,Yard,vyardgp@google.de,Genderfluid,219.68.188.15
603,Benedikta,Haslewood,bhaslewoodgq@gravatar.com,Female,246.47.108.61
604,Kelbee,Flawn,kflawngr@4shared.com,Agender,183.26.249.99
605,Barney,Easbie,beasbiegs@hc360.com,Male,140.176.157.205
606,Marni,McAne,mmcanegt@paginegialle.it,Female,49.209.11.185
607,Manfred,Geldert,mgeldertgu@dmoz.org,Male,143.179.13.8
608,Hale,de Vaen,hdevaengv@spotify.com,Male,88.150.131.6
609,Welsh,Helkin,whelkingw@typepad.com,Male,179.187.58.1
610,Cayla,Sennett,csennettgx@usatoday.com,Female,223.56.138.29
611,Avrit,Asken,aaskengy@hexun.com,Female,5.116.1.237
612,Joy,Okell,jokellgz@arstechnica.com,Female,232.245.171.5
613,Hugibert,Bessett,hbessetth0@scribd.com,Male,9.249.230.122
614,See,Bartlosz,sbartloszh1@issuu.com,Male,239.214.114.107
615,Ignacius,Bernardin,ibernardinh2@51.la,Male,109.154.194.28
616,Leon,Coates,lcoatesh3@symantec.com,Male,77.8.10.73
617,Kearney,Bayless,kbaylessh4@surveymonkey.com,Male,102.16.108.78
618,Merl,Irvine,mirvineh5@google.it,Female,76.150.45.67
619,Nicolle,Muffin,nmuffinh6@unc.edu,Female,48.147.92.105
620,Annetta,Enoksson,aenokssonh7@un.org,Female,118.95.231.33
621,Pryce,Niland,pnilandh8@bloglines.com,Male,0.126.189.160
622,Elsinore,Knighton,eknightonh9@symantec.com,Female,129.217.187.120
623,Mersey,Leathem,mleathemha@salon.com,Female,90.136.131.216
624,Rudyard,Devonside,rdevonsidehb@fotki.com,Genderqueer,192.216.47.20
625,Ynez,Shallcroff,yshallcroffhc@freewebs.com,Genderqueer,105.105.30.189
626,Gian,Hardistry,ghardistryhd@blogtalkradio.com,Male,239.213.113.55
627,Reece,Arington,raringtonhe@linkedin.com,Male,74.248.207.118
628,Natalya,Maha,nmahahf@bizjournals.com,Female,219.233.39.87
629,Janifer,McElwee,jmcelweehg@earthlink.net,Female,110.28.121.93
630,Fairfax,Newton,fnewtonhh@indiegogo.com,Male,154.185.65.188
631,Editha,Clelle,eclellehi@google.es,Genderqueer,253.64.51.23
632,Bordie,Rundle,brundlehj@phpbb.com,Male,84.194.186.40
633,Kalil,Harewood,kharewoodhk@xrea.com,Male,28.187.216.145
634,Kalli,Wingate,kwingatehl@imageshack.us,Female,181.21.9.154
635,Norris,Henkmann,nhenkmannhm@exblog.jp,Male,163.147.105.33
636,Lelia,Gerrey,lgerreyhn@bbb.org,Female,69.182.100.104
637,Maggee,Whibley,mwhibleyho@i2i.jp,Female,7.19.211.43
638,Biddy,Yakovlev,byakovlevhp@biglobe.ne.jp,Female,197.191.66.128
639,Felizio,Kincade,fkincadehq@naver.com,Male,152.5.197.190
640,Merrill,Filyukov,mfilyukovhr@51.la,Male,247.60.166.211
641,Gamaliel,Gravet,ggraveths@earthlink.net,Male,171.36.47.226
642,Maitilde,Millgate,mmillgateht@scribd.com,Female,98.20.147.59
643,Marielle,Kimbury,mkimburyhu@yahoo.co.jp,Female,128.76.17.159
644,Yolanda,Lant,ylanthv@dell.com,Female,174.102.172.207
645,Cora,Case,ccasehw@latimes.com,Female,8.142.183.1
646,Eolande,Healings,ehealingshx@amazon.co.uk,Female,47.48.29.209
647,Berti,Bramont,bbramonthy@devhub.com,Polygender,26.154.115.186
648,Margit,Extence,mextencehz@spiegel.de,Female,10.190.40.3
649,Emmet,Hassur,ehassuri0@netvibes.com,Male,8.163.177.196
650,Shane,Chittleburgh,schittleburghi1@google.de,Genderqueer,159.64.65.76
651,Minta,Hargreave,mhargreavei2@freewebs.com,Female,2.5.208.53
652,Zarla,Frontczak,zfrontczaki3@webmd.com,Female,101.103.137.190
653,Bailey,Covelle,bcovellei4@icq.com,Male,110.62.173.124
654,Edmon,McIlhagga,emcilhaggai5@sakura.ne.jp,Male,252.131.31.121
655,Keeley,D'Agostini,kdagostinii6@microsoft.com,Female,169.197.31.173
656,Gustavus,Kirkbright,gkirkbrighti7@soup.io,Male,150.238.142.186
657,Zelig,McJerrow,zmcjerrowi8@state.gov,Male,162.252.136.29
658,Ivory,Yearron,iyearroni9@weibo.com,Female,103.209.239.230
659,Lacey,Kirtland,lkirtlandia@weibo.com,Female,45.217.232.236
660,Marwin,Cottle,mcottleib@furl.net,Male,216.120.179.164
661,Cinda,Dumke,cdumkeic@dedecms.com,Female,147.140.229.176
662,Val,Walbrook,vwalbrookid@prweb.com,Female,236.99.155.17
663,Cristen,Jeandet,cjeandetie@salon.com,Female,144.45.140.201
664,Huberto,Bester,hbesterif@independent.co.uk,Male,137.92.123.205
665,Dominica,Serraillier,dserraillierig@msu.edu,Female,155.216.63.5
666,Tania,Gommowe,tgommoweih@ow.ly,Female,211.43.208.210
667,Katharyn,Cornely,kcornelyii@arstechnica.com,Female,180.222.27.54
668,Emelda,Cappineer,ecappineerij@state.gov,Female,128.93.231.87
669,Tallulah,Simonazzi,tsimonazziik@ebay.com,Female,35.225.229.98
670,Amos,Bruntje,abruntjeil@marketwatch.com,Male,17.73.26.157
671,Trista,Kitlee,tkitleeim@google.fr,Agender,210.120.68.11
672,Obie,Jaulmes,ojaulmesin@spiegel.de,Male,237.104.231.121
673,Annissa,Boyce,aboyceio@disqus.com,Female,61.151.19.0
674,Koral,Ganniclifft,kganniclifftip@cdbaby.com,Female,230.161.63.70
675,Torrin,Charnick,tcharnickiq@nifty.com,Male,247.254.160.76
676,Ainslee,Lyndon,alyndonir@theatlantic.com,Genderqueer,11.30.43.235
677,Sarene,Deschlein,sdeschleinis@soundcloud.com,Female,55.76.31.13
678,Ethyl,Reiner,ereinerit@free.fr,Female,127.104.157.99
679,Roana,Corhard,rcorhardiu@nasa.gov,Agender,82.255.61.61
680,Liva,Crothers,lcrothersiv@mapquest.com,Female,214.235.255.152
681,Raynor,Bartomieu,rbartomieuiw@domainmarket.com,Genderfluid,10.12.134.224
682,Geraldine,Korneichik,gkorneichikix@patch.com,Genderfluid,165.205.15.226
683,Bobette,Cowing,bcowingiy@macromedia.com,Female,162.94.64.186
684,Mariann,McLugish,mmclugishiz@wp.com,Agender,189.58.36.161
685,Allin,Hawtry,ahawtryj0@abc.net.au,Male,72.168.158.162
686,Hy,Jerok,hjerokj1@dagondesign.com,Male,63.91.118.230
687,Simeon,Kelleway,skellewayj2@blogs.com,Male,2.112.21.77
688,Cornie,Goult,cgoultj3@cisco.com,Male,183.220.254.182
689,Seumas,Spensly,sspenslyj4@newsvine.com,Male,38.254.109.113
690,Laurens,Swynley,lswynleyj5@hexun.com,Male,147.181.43.240
691,Benoite,Ossulton,bossultonj6@hp.com,Female,140.90.59.114
692,Claiborn,Voller,cvollerj7@photobucket.com,Male,137.38.102.91
693,Elenore,Parcell,eparcellj8@scientificamerican.com,Female,16.39.251.11
694,Nelli,Phillips,nphillipsj9@seesaa.net,Female,114.47.221.98
695,Vaughn,Sivess,vsivessja@tmall.com,Male,25.187.224.179
696,Jorrie,Mapledorum,jmapledorumjb@mlb.com,Female,94.185.211.55
697,Morganica,Hoodspeth,mhoodspethjc@newyorker.com,Female,2.84.150.240
698,Suzann,Schlagh,sschlaghjd@myspace.com,Female,11.180.36.177
699,Ann,Norris,anorrisje@usatoday.com,Female,152.38.98.135
700,Emylee,Endrici,eendricijf@squidoo.com,Female,130.133.43.225
701,Gail,Escoffier,gescoffierjg@smh.com.au,Female,79.155.156.99
702,Kory,Portingale,kportingalejh@salon.com,Male,150.59.15.65
703,Carlin,Schultheiss,cschultheissji@europa.eu,Male,12.51.163.81
704,Aluin,Baughen,abaughenjj@123-reg.co.uk,Male,16.237.101.93
705,Yehudit,Currom,ycurromjk@time.com,Male,71.78.184.195
706,Connor,Stout,cstoutjl@house.gov,Male,172.176.106.6
707,Bernarr,Ianinotti,bianinottijm@bbb.org,Male,193.7.34.248
708,Ginny,Rijkeseis,grijkeseisjn@free.fr,Female,29.185.94.83
709,Emmy,Clemot,eclemotjo@squarespace.com,Female,215.6.67.207
710,Jenni,Schonfelder,jschonfelderjp@nhs.uk,Female,192.206.69.116
711,Ruben,Stoeckle,rstoecklejq@exblog.jp,Male,90.1.83.205
712,Mohandas,Flippen,mflippenjr@123-reg.co.uk,Male,244.25.214.222
713,Rockie,Kem,rkemjs@biblegateway.com,Male,230.71.89.8
714,Esme,Nevett,enevettjt@npr.org,Female,96.86.241.80
715,Arabelle,O'Neill,aoneillju@example.com,Female,145.23.138.201
716,Natalee,Buxcy,nbuxcyjv@discovery.com,Female,163.6.29.52
717,Camille,Stener,cstenerjw@rakuten.co.jp,Bigender,103.13.166.238
718,Birgitta,Sworder,bsworderjx@pbs.org,Female,28.107.137.45
719,Alisun,Brambley,abrambleyjy@com.com,Female,121.252.194.2
720,Dalton,Grane,dgranejz@webmd.com,Male,138.37.42.239
721,Barbette,Hankey,bhankeyk0@biglobe.ne.jp,Female,108.184.213.234
722,Irving,Bedford,ibedfordk1@amazon.co.jp,Male,37.214.13.245
723,Dallas,Levensky,dlevenskyk2@jalbum.net,Male,159.116.51.31
724,Leslie,Lukasik,llukasikk3@blog.com,Male,143.115.168.108
725,Issiah,Bellelli,ibellellik4@bigcartel.com,Male,7.146.251.197
726,Durant,Swanson,dswansonk5@china.com.cn,Male,227.222.5.4
727,Gradey,Calles,gcallesk6@blogger.com,Male,97.73.14.11
728,Eolanda,Prudham,eprudhamk7@flickr.com,Female,252.90.82.89
729,Horatia,Teenan,hteenank8@goodreads.com,Female,109.30.172.222
730,Teddy,Crossdale,tcrossdalek9@soup.io,Female,186.28.70.202
731,Irvine,O'Kennavain,iokennavainka@wikimedia.org,Male,247.154.132.185
732,Simeon,Divine,sdivinekb@odnoklassniki.ru,Male,74.0.46.65
733,Elwira,Marushak,emarushakkc@phpbb.com,Female,126.2.101.129
734,Barnabe,Russell,brussellkd@desdev.cn,Male,106.130.52.88
735,Xylia,Turtle,xturtleke@ihg.com,Female,157.26.168.63
736,Letizia,MacSharry,lmacsharrykf@cisco.com,Female,116.83.73.68
737,Johnnie,Redhead,jredheadkg@nymag.com,Male,41.85.253.190
738,Caren,Padgett,cpadgettkh@yellowpages.com,Female,17.25.112.84
739,Meagan,Sive,msiveki@hexun.com,Female,170.148.101.169
740,Denny,Saipy,dsaipykj@yale.edu,Male,99.107.167.35
741,Wadsworth,Benoix,wbenoixkk@stumbleupon.com,Male,99.170.100.124
742,Jeannie,Ismay,jismaykl@about.com,Female,42.91.229.51
743,Row,Itzig,ritzigkm@blogs.com,Female,96.39.99.212
744,Milt,Hiner,mhinerkn@behance.net,Male,220.66.111.159
745,Kippie,Priden,kpridenko@weebly.com,Male,145.172.95.171
746,Kerk,Dennehy,kdennehykp@cdc.gov,Male,13.231.36.64
747,Helene,Millom,hmillomkq@instagram.com,Polygender,76.177.215.137
748,Chelsae,Gason,cgasonkr@howstuffworks.com,Female,242.71.107.251
749,Dael,Della Scala,ddellascalaks@sbwire.com,Female,169.13.42.241
750,Denys,Dussy,ddussykt@craigslist.org,Female,3.147.33.64
751,Matty,Woolham,mwoolhamku@free.fr,Female,126.156.255.135
752,Alidia,O'Keevan,aokeevankv@behance.net,Female,202.101.113.73
753,Georgy,Clapton,gclaptonkw@flickr.com,Male,4.143.50.215
754,Elane,O'Gormley,eogormleykx@tripadvisor.com,Female,60.231.2.231
755,Gaylord,Gerardot,ggerardotky@mediafire.com,Male,130.33.44.88
756,Ettie,MacComiskey,emaccomiskeykz@cloudflare.com,Female,228.191.224.13
757,Jaye,Matuszinski,jmatuszinskil0@amazon.de,Agender,27.41.83.33
758,Laura,Maypole,lmaypolel1@meetup.com,Female,207.214.26.125
759,Wilton,Reddick,wreddickl2@istockphoto.com,Male,5.220.224.172
760,Mitchel,Wherrit,mwherritl3@google.es,Male,1.56.249.223
761,Randa,Monks,rmonksl4@nymag.com,Female,198.121.148.137
762,Cayla,Laugheran,claugheranl5@wikipedia.org,Polygender,98.65.45.94
763,Sig,Fancutt,sfancuttl6@craigslist.org,Genderqueer,237.128.112.64
764,Haleigh,Mitchley,hmitchleyl7@addtoany.com,Female,137.121.84.163
765,Donnie,Gorelli,dgorellil8@cafepress.com,Male,4.131.114.135
766,Dudley,O'Sheilds,dosheildsl9@ucsd.edu,Male,57.233.56.166
767,Magdalene,Baxter,mbaxterla@reuters.com,Female,125.153.106.132
768,Fletch,Critchard,fcritchardlb@nifty.com,Male,254.68.99.118
769,Hoyt,McArt,hmcartlc@moonfruit.com,Male,51.164.134.18
770,Lombard,Kynston,lkynstonld@sogou.com,Male,75.158.145.100
771,Maxim,Kroch,mkrochle@pbs.org,Male,192.21.80.224
772,Isadore,Schoales,ischoaleslf@hibu.com,Male,182.1.136.87
773,Tally,Cutchee,tcutcheelg@e-recht24.de,Male,60.127.255.158
774,Niven,Rawlings,nrawlingslh@goo.ne.jp,Male,78.4.167.240
775,Mayne,Brugger,mbruggerli@seesaa.net,Male,133.165.103.8
776,Scotty,Spreckley,sspreckleylj@barnesandnoble.com,Male,140.0.216.224
777,Emilie,Whorlow,ewhorlowlk@usda.gov,Female,242.170.178.179
778,Auria,Armell,aarmellll@va.gov,Female,117.244.228.72
779,Pavlov,Klulisek,pkluliseklm@unesco.org,Male,118.6.151.15
780,Dorene,O'Caherny,docahernyln@unc.edu,Female,84.98.31.24
781,Elvina,Wenzel,ewenzello@huffingtonpost.com,Female,95.48.235.173
782,Bernadine,Antonov,bantonovlp@360.cn,Female,36.139.188.88
783,Pia,Gill,pgilllq@dion.ne.jp,Female,51.17.222.56
784,Fanchette,Hostan,fhostanlr@angelfire.com,Female,48.180.6.74
785,Annemarie,Gegay,agegayls@joomla.org,Female,47.122.76.199
786,Stevie,Poles,spoleslt@cmu.edu,Male,173.246.4.96
787,Winona,Blazdell,wblazdelllu@fotki.com,Non-binary,242.9.158.149
788,Constance,Southan,csouthanlv@yahoo.co.jp,Female,226.10.68.90
789,Aldis,Asel,aasellw@posterous.com,Male,196.162.21.20
790,Konstance,McAmish,kmcamishlx@twitpic.com,Female,232.71.64.176
791,Rianon,Cassin,rcassinly@linkedin.com,Female,8.111.157.51
792,Gavin,Kun,gkunlz@ed.gov,Male,114.155.32.51
793,Aldo,Pavitt,apavittm0@weather.com,Male,208.212.155.183
794,Holly-anne,Pavey,hpaveym1@statcounter.com,Female,134.46.173.60
795,Harris,Littleproud,hlittleproudm2@tuttocitta.it,Male,195.21.36.48
796,Dorothea,Heber,dheberm3@taobao.com,Female,209.157.69.38
797,Portia,Furzer,pfurzerm4@php.net,Female,157.0.123.119
798,Rex,Writer,rwriterm5@ask.com,Bigender,199.247.11.76
799,Kathrine,Dickin,kdickinm6@amazonaws.com,Female,233.180.193.29
800,Radcliffe,Comins,rcominsm7@tamu.edu,Male,57.59.109.207
801,Freeland,Greyes,fgreyesm8@com.com,Genderqueer,175.7.28.176
802,Chance,Birkby,cbirkbym9@yandex.ru,Male,238.103.10.253
803,Mellicent,Chyuerton,mchyuertonma@weather.com,Female,193.46.194.30
804,Joaquin,Goor,jgoormb@phpbb.com,Male,104.137.184.59
805,Faunie,Chupin,fchupinmc@canalblog.com,Female,96.224.21.162
806,Britte,Ingree,bingreemd@vkontakte.ru,Female,112.42.25.77
807,Abigale,Weall,aweallme@oakley.com,Female,48.194.55.180
808,Mae,Crew,mcrewmf@wordpress.org,Female,7.164.153.144
809,Isidora,Simper,isimpermg@skyrock.com,Female,35.139.150.199
810,Seamus,Batrip,sbatripmh@indiegogo.com,Male,165.42.239.42
811,Zacharia,Dean,zdeanmi@hc360.com,Male,192.159.247.157
812,Bondy,Sheppard,bsheppardmj@yellowpages.com,Male,249.12.124.110
813,Brigitta,Elstob,belstobmk@engadget.com,Female,161.68.154.207
814,Edgard,Pattisson,epattissonml@clickbank.net,Male,133.79.81.111
815,Oran,Berggren,oberggrenmm@sfgate.com,Male,226.216.190.46
816,Carlina,Luchelli,cluchellimn@dell.com,Female,203.80.182.172
817,Merle,Listone,mlistonemo@whitehouse.gov,Male,2.247.23.200
818,Gypsy,Heaselgrave,gheaselgravemp@dailymail.co.uk,Female,69.162.159.143
819,Cirilo,Oxlee,coxleemq@ihg.com,Male,48.228.98.101
820,Shaina,Keyden,skeydenmr@pagesperso-orange.fr,Female,1.255.226.62
821,Peder,Scoffham,pscoffhamms@meetup.com,Bigender,29.109.215.13
822,Drusi,Giggs,dgiggsmt@cargocollective.com,Bigender,5.70.220.156
823,Bernardo,Witcher,bwitchermu@icq.com,Male,241.38.29.236
824,Norbie,Sarvar,nsarvarmv@dailymotion.com,Male,78.55.46.56
825,Stephan,Diss,sdissmw@nymag.com,Male,68.106.15.73
826,Elianore,Stachini,estachinimx@chicagotribune.com,Female,10.100.99.19
827,Norean,Bignold,nbignoldmy@baidu.com,Female,115.48.35.147
828,Ara,Emmanuel,aemmanuelmz@ustream.tv,Male,224.137.58.183
829,Ulrike,Balham,ubalhamn0@baidu.com,Female,98.227.47.215
830,Lyndel,Frackiewicz,lfrackiewiczn1@washington.edu,Female,39.127.118.225
831,Oliver,Speere,ospeeren2@pinterest.com,Male,81.37.203.208
832,Adelaida,Plaschke,aplaschken3@dailymail.co.uk,Female,75.25.113.104
833,Alvinia,Pillman,apillmann4@nasa.gov,Female,121.134.205.193
834,Daloris,Kimbury,dkimburyn5@cyberchimps.com,Female,75.146.105.9
835,Selma,Pretti,sprettin6@telegraph.co.uk,Female,95.93.41.28
836,Adey,Gerish,agerishn7@scribd.com,Bigender,240.51.176.86
837,Jonell,Berthon,jberthonn8@addtoany.com,Non-binary,35.129.120.207
838,Sawyere,Goldsbrough,sgoldsbroughn9@nhs.uk,Male,192.182.66.30
839,Joey,Domengue,jdomenguena@xinhuanet.com,Male,240.178.27.110
840,Gwendolen,Straughan,gstraughannb@etsy.com,Female,37.183.199.105
841,Evangeline,Grafhom,egrafhomnc@abc.net.au,Female,251.136.28.112
842,Gustavo,Swiffin,gswiffinnd@studiopress.com,Male,13.185.80.198
843,Elsey,Chason,echasonne@foxnews.com,Female,118.171.155.152
844,Allister,Pedersen,apedersennf@dyndns.org,Male,199.181.247.132
845,Wald,Chastang,wchastangng@goo.gl,Male,60.26.54.232
846,Vanny,Sleite,vsleitenh@noaa.gov,Female,104.156.182.235
847,Tera,Durston,tdurstonni@amazonaws.com,Female,161.206.126.40
848,Thomasine,Sylvaine,tsylvainenj@usgs.gov,Female,86.1.188.168
849,Selia,Hagart,shagartnk@tumblr.com,Female,143.92.133.180
850,Elston,McAndrew,emcandrewnl@netvibes.com,Male,188.227.167.190
851,Lorinda,Ledes,lledesnm@wikipedia.org,Female,209.65.4.195
852,Chiquia,Champagne,cchampagnenn@hostgator.com,Female,126.13.185.106
853,Brad,Cisar,bcisarno@mayoclinic.com,Male,210.169.71.116
854,Clint,Daltry,cdaltrynp@imgur.com,Male,228.139.97.219
855,Bradney,Sarre,bsarrenq@utexas.edu,Male,233.89.54.205
856,Lonnie,Theakston,ltheakstonnr@scribd.com,Female,153.163.225.223
857,Karry,Viccary,kviccaryns@fda.gov,Female,232.70.11.83
858,Sly,Chaffey,schaffeynt@mozilla.com,Male,248.214.235.135
859,Bard,Corcoran,bcorcorannu@nydailynews.com,Male,249.84.167.224
860,Albertina,Corton,acortonnv@cbsnews.com,Female,222.54.17.66
861,Marten,Goodley,mgoodleynw@csmonitor.com,Male,93.134.9.255
862,Alberto,Baughn,abaughnnx@reuters.com,Male,131.220.0.58
863,Clarie,Teape,cteapeny@techcrunch.com,Female,150.116.177.28
864,Dani,Gabb,dgabbnz@examiner.com,Female,226.103.197.145
865,Fiann,Comsty,fcomstyo0@hhs.gov,Female,145.253.204.231
866,Vivie,Braun,vbrauno1@cnet.com,Female,66.155.230.235
867,Mignon,Tracey,mtraceyo2@webs.com,Female,136.203.204.153
868,Evelyn,Blees,ebleeso3@wikipedia.org,Female,200.95.63.222
869,Bee,Bougen,bbougeno4@wordpress.org,Female,158.53.126.108
870,Joell,Cantopher,jcantophero5@facebook.com,Non-binary,41.79.11.62
871,Tarra,Dare,tdareo6@flavors.me,Female,243.236.74.79
872,Cathrine,Mosdell,cmosdello7@cdc.gov,Bigender,38.85.29.127
873,Jade,Pudding,jpuddingo8@altervista.org,Female,230.223.235.44
874,Genny,McGibbon,gmcgibbono9@mashable.com,Female,72.230.75.239
875,Elisha,Benedyktowicz,ebenedyktowiczoa@google.com.au,Genderfluid,68.197.50.170
876,Abran,Ripping,arippingob@ucoz.com,Male,222.229.125.255
877,Estell,Blaiklock,eblaiklockoc@ebay.co.uk,Female,18.199.81.19
878,Barnebas,Karel,bkarelod@tmall.com,Male,187.100.139.93
879,Edwin,Cardis,ecardisoe@scribd.com,Polygender,158.132.172.243
880,Phyllida,McCamish,pmccamishof@themeforest.net,Genderqueer,238.200.23.34
881,Giffard,Kitchenham,gkitchenhamog@un.org,Male,125.52.111.151
882,Goldy,Shermar,gshermaroh@1688.com,Female,9.145.180.58
883,Cordie,Balls,cballsoi@ucoz.ru,Male,122.85.117.45
884,Bekki,Eastwood,beastwoodoj@loc.gov,Female,211.156.159.39
885,Jacenta,Scutching,jscutchingok@list-manage.com,Female,225.183.41.9
886,Horst,Pullar,hpullarol@google.cn,Male,150.3.96.111
887,Fern,Gibke,fgibkeom@eventbrite.com,Female,108.152.201.240
888,Farlee,Plom,fplomon@friendfeed.com,Male,45.1.218.33
889,Kaitlin,Mc Harg,kmchargoo@sciencedaily.com,Female,94.20.83.231
890,Kenon,Somner,ksomnerop@imgur.com,Male,125.227.54.31
891,Tonie,Holt,tholtoq@livejournal.com,Polygender,223.70.207.177
892,Clementine,Shewry,cshewryor@acquirethisname.com,Bigender,70.114.126.194
893,Thorvald,MacKonochie,tmackonochieos@prnewswire.com,Male,19.113.168.134
894,Kendricks,O'Hdirscoll,kohdirscollot@comsenz.com,Male,252.171.128.16
895,Kitti,Wards,kwardsou@upenn.edu,Female,55.77.21.15
896,Freddie,Rountree,frountreeov@csmonitor.com,Male,189.106.83.77
897,Dukey,Giffon,dgiffonow@homestead.com,Male,147.3.155.24
898,Melinde,Beharrell,mbeharrellox@goodreads.com,Female,213.202.33.58
899,Garik,Hardeman,ghardemanoy@friendfeed.com,Male,181.69.63.69
900,Ezra,Braizier,ebraizieroz@guardian.co.uk,Male,148.3.85.101
901,Millisent,MacMichael,mmacmichaelp0@reverbnation.com,Female,57.6.192.192
902,Myrvyn,Abramcik,mabramcikp1@huffingtonpost.com,Male,136.57.129.110
903,Falito,Shorthill,fshorthillp2@wufoo.com,Male,112.64.243.135
904,Justis,Jakubovsky,jjakubovskyp3@xinhuanet.com,Male,59.229.230.94
905,Yasmin,Kinsey,ykinseyp4@bigcartel.com,Female,227.28.66.254
906,Lemmy,Chretien,lchretienp5@umich.edu,Bigender,243.81.217.244
907,Wright,Baythorp,wbaythorpp6@homestead.com,Male,124.184.45.77
908,Lucas,Danilyuk,ldanilyukp7@taobao.com,Male,5.227.222.179
909,Gusella,Nyssen,gnyssenp8@printfriendly.com,Female,232.237.8.230
910,Andreas,Odhams,aodhamsp9@pcworld.com,Male,134.136.211.234
911,Kirsti,Hubbard,khubbardpa@google.com,Genderqueer,118.53.66.93
912,Mackenzie,McMurdo,mmcmurdopb@wikimedia.org,Male,103.205.254.180
913,Fredric,Grayston,fgraystonpc@webnode.com,Male,133.155.190.179
914,Mel,Mattingley,mmattingleypd@slate.com,Female,82.111.69.44
915,Yale,Andreopolos,yandreopolospe@ycombinator.com,Male,74.129.204.101
916,James,Stollwerk,jstollwerkpf@reverbnation.com,Male,206.164.2.243
917,Loralyn,Sawer,lsawerpg@ask.com,Female,77.235.147.98
918,Ingeborg,Alberti,ialbertiph@icq.com,Female,59.59.187.223
919,Stephen,Lumsden,slumsdenpi@boston.com,Agender,50.115.164.215
920,Candide,Maus,cmauspj@harvard.edu,Female,100.189.67.140
921,Dorian,Elks,delkspk@dot.gov,Male,234.160.62.22
922,Kean,Redd,kreddpl@ehow.com,Male,183.192.251.207
923,Merna,Sweetlove,msweetlovepm@hc360.com,Female,158.231.230.36
924,Mignonne,Kennaway,mkennawaypn@go.com,Female,190.27.78.69
925,Mallorie,Groome,mgroomepo@samsung.com,Female,158.34.60.214
926,Vite,Mosen,vmosenpp@hao123.com,Male,81.110.41.221
927,Zeb,Ryles,zrylespq@ibm.com,Male,64.1.206.79
928,Adaline,Buss,abusspr@disqus.com,Female,152.215.59.189
929,Gerri,MacCollom,gmaccollomps@facebook.com,Female,96.38.137.250
930,Angy,Harrap,aharrappt@mozilla.org,Female,11.116.13.173
931,Lorie,Carlino,lcarlinopu@vistaprint.com,Female,113.126.117.197
932,Adham,Hansford,ahansfordpv@tuttocitta.it,Male,54.148.116.42
933,Winnifred,Checkley,wcheckleypw@ezinearticles.com,Female,215.79.204.128
934,Frances,Pinfold,fpinfoldpx@posterous.com,Genderqueer,231.244.228.73
935,Dew,Arias,dariaspy@loc.gov,Male,32.163.59.210
936,Rickie,McGawn,rmcgawnpz@sfgate.com,Male,255.27.175.117
937,Dare,Motion,dmotionq0@issuu.com,Male,154.255.153.217
938,Rachelle,Cornill,rcornillq1@wikia.com,Female,132.215.225.30
939,Merle,Finlaison,mfinlaisonq2@networkadvertising.org,Bigender,240.66.177.153
940,Eleonora,Scholte,escholteq3@usa.gov,Bigender,150.169.217.100
941,Cacilia,Roskam,croskamq4@dot.gov,Non-binary,221.13.244.58
942,Johnette,Betonia,jbetoniaq5@oakley.com,Female,91.247.176.123
943,Ogden,Ofener,oofenerq6@toplist.cz,Male,47.172.45.172
944,Alexis,Grosvener,agrosvenerq7@ucoz.ru,Male,88.253.210.117
945,Georgeta,Arden,gardenq8@plala.or.jp,Female,157.104.171.231
946,Thatch,Singleton,tsingletonq9@wiley.com,Male,41.194.130.84
947,Kelcie,Ferrone,kferroneqa@apache.org,Female,162.160.161.222
948,Galina,Lalevee,glaleveeqb@free.fr,Female,252.207.57.83
949,Hoebart,Vazquez,hvazquezqc@opensource.org,Male,126.190.107.85
950,Alonzo,Snowding,asnowdingqd@51.la,Male,217.148.101.194
951,Rinaldo,Hedling,rhedlingqe@networkadvertising.org,Male,175.86.98.230
952,Issie,Ames,iamesqf@bravesites.com,Female,10.59.224.224
953,Darleen,Chrippes,dchrippesqg@cornell.edu,Female,128.7.179.51
954,Ned,Covelle,ncovelleqh@unc.edu,Male,225.158.89.119
955,Son,Merrydew,smerrydewqi@oracle.com,Male,72.131.88.80
956,Sally,Romagnosi,sromagnosiqj@mit.edu,Bigender,127.193.20.24
957,Karmen,Jamson,kjamsonqk@rediff.com,Female,214.165.183.77
958,Dilly,Clemmett,dclemmettql@pagesperso-orange.fr,Polygender,175.118.67.39
959,Burton,Dudden,bduddenqm@issuu.com,Polygender,75.109.251.206
960,Jorrie,Schimoni,jschimoniqn@delicious.com,Female,1.0.219.228
961,Sky,Stammer,sstammerqo@dailymail.co.uk,Male,179.21.103.4
962,Margalit,Clarae,mclaraeqp@photobucket.com,Genderqueer,19.138.26.176
963,Kore,Anfrey,kanfreyqq@about.com,Female,40.123.126.247
964,Wright,Baldini,wbaldiniqr@google.com.br,Male,119.128.202.49
965,Belinda,Chieze,bchiezeqs@tinypic.com,Female,211.118.112.65
966,Wynn,Normanvill,wnormanvillqt@google.cn,Female,142.66.117.31
967,Bordie,Pavlenko,bpavlenkoqu@ning.com,Male,226.91.40.119
968,Caryl,Shewery,csheweryqv@va.gov,Female,180.15.116.148
969,Grange,Portis,gportisqw@sciencedaily.com,Male,128.220.242.27
970,Andrej,Dugall,adugallqx@posterous.com,Male,182.101.9.194
971,Terri,Andreopolos,tandreopolosqy@jiathis.com,Male,74.147.138.176
972,Maynord,McEwan,mmcewanqz@dot.gov,Male,24.15.24.209
973,Asa,Van Dalen,avandalenr0@qq.com,Bigender,72.250.123.164
974,Filippo,Wudeland,fwudelandr1@abc.net.au,Male,36.213.55.218
975,Audy,Dennis,adennisr2@hostgator.com,Female,46.207.145.45
976,Aileen,Wiggans,awiggansr3@tripadvisor.com,Female,46.211.107.145
977,Dilan,Le Barr,dlebarrr4@ask.com,Male,190.18.242.18
978,Patricio,Ianson,piansonr5@diigo.com,Male,250.18.246.188
979,Case,Musterd,cmusterdr6@paginegialle.it,Male,226.93.219.246
980,Rod,Winscum,rwinscumr7@scribd.com,Male,198.186.242.25
981,Ethel,Vannacci,evannaccir8@si.edu,Female,187.249.236.234
982,Bab,Westwell,bwestwellr9@dmoz.org,Female,32.17.32.65
983,Lou,Winscom,lwinscomra@sohu.com,Female,71.193.76.244
984,Carver,Vayro,cvayrorb@microsoft.com,Male,196.28.19.175
985,Ulrike,Godbald,ugodbaldrc@nationalgeographic.com,Female,95.75.181.26
986,Burtie,Spuffard,bspuffardrd@cocolog-nifty.com,Male,81.195.15.216
987,Enrico,Troctor,etroctorre@skyrock.com,Male,67.246.105.91
988,Hilliary,Suddock,hsuddockrf@networksolutions.com,Female,16.151.86.84
989,Yard,Shord,yshordrg@tamu.edu,Male,42.128.9.179
990,Felic,Shoebridge,fshoebridgerh@ed.gov,Male,18.22.235.124
991,Andriana,Seson,asesonri@google.com.br,Female,84.147.173.255
992,Garold,Glackin,gglackinrj@mapquest.com,Male,129.246.87.11
993,Guillaume,Llorens,gllorensrk@google.es,Male,236.154.10.44
994,Dolorita,Cannop,dcannoprl@webnode.com,Female,150.111.78.52
995,Osbourne,Binnie,obinnierm@comsenz.com,Male,225.31.86.19
996,Leone,Ingliss,linglissrn@webeden.co.uk,Female,253.179.16.140
997,Emlynn,Brockbank,ebrockbankro@aol.com,Female,152.172.194.58
998,Laney,Lyddon,llyddonrp@angelfire.com,Female,165.252.218.241
999,Che,Swadlinge,cswadlingerq@alexa.com,Male,11.82.4.98
1000,Shirlene,Callear,scallearrr@nhs.uk,Female,191.208.236.252
